Temperature (K),Grain Size (nm),Fe %,Ni %,Cr %,Co %,Cu %,Strain Rate (Strain/ps),Young's Modulus (GPa),Yield Strength (MPa),Ultimate Tensile Strength (MPa)
200,17.2,0.1,0.225,0.225,0.225,0.225,0.004,165,3304,5396
200,17.2,0.12,0.22,0.22,0.22,0.22,0.004,164,3410,5168
200,17.2,0.14,0.215,0.215,0.215,0.215,0.004,161,3593,5281
200,17.2,0.16,0.21,0.21,0.21,0.21,0.004,155,3970,5425
200,17.2,0.18,0.205,0.205,0.205,0.205,0.004,162,3420,5392
200,17.2,0.2,0.2,0.2,0.2,0.2,0.004,161,3659,5348
200,17.2,0.22,0.195,0.195,0.195,0.195,0.004,157,3709,5415
200,17.2,0.24,0.19,0.19,0.19,0.19,0.004,157,3783,5495
200,17.2,0.26,0.185,0.185,0.185,0.185,0.004,159,3494,5476
200,17.2,0.28,0.18,0.18,0.18,0.18,0.004,157,3514,5518
200,17.2,0.3,0.175,0.175,0.175,0.175,0.004,156,3368,5501
200,17.2,0.225,0.1,0.225,0.225,0.225,0.004,147,3823,5176
200,17.2,0.22,0.12,0.22,0.22,0.22,0.004,155,3279,5252
200,17.2,0.215,0.14,0.215,0.215,0.215,0.004,155,3418,5273
200,17.2,0.21,0.16,0.21,0.21,0.21,0.004,157,3570,5451
200,17.2,0.205,0.18,0.205,0.205,0.205,0.004,163,3325,5410
200,17.2,0.195,0.22,0.195,0.195,0.195,0.004,160,3654,5430
200,17.2,0.19,0.24,0.19,0.19,0.19,0.004,162,3563,5651
200,17.2,0.185,0.26,0.185,0.185,0.185,0.004,164,3740,5593
200,17.2,0.18,0.28,0.18,0.18,0.18,0.004,162,3963,5510
200,17.2,0.175,0.3,0.175,0.175,0.175,0.004,165,3700,5458
200,17.2,0.225,0.225,0.1,0.225,0.225,0.004,157,3532,5357
200,17.2,0.22,0.22,0.12,0.22,0.22,0.004,160,3394,5487
200,17.2,0.215,0.215,0.14,0.215,0.215,0.004,158,3650,5325
200,17.2,0.21,0.21,0.16,0.21,0.21,0.004,157,3633,5568
200,17.2,0.205,0.205,0.18,0.205,0.205,0.004,156,3862,5290
200,17.2,0.195,0.195,0.22,0.195,0.195,0.004,156,3731,5271
200,17.2,0.19,0.19,0.24,0.19,0.19,0.004,164,3402,5525
200,17.2,0.185,0.185,0.26,0.185,0.185,0.004,158,3733,5388
200,17.2,0.18,0.18,0.28,0.18,0.18,0.004,158,3852,5402
200,17.2,0.175,0.175,0.3,0.175,0.175,0.004,161,3429,5336
200,17.2,0.225,0.225,0.225,0.1,0.225,0.004,159,3375,5588
200,17.2,0.22,0.22,0.22,0.12,0.22,0.004,156,3741,5430
200,17.2,0.215,0.215,0.215,0.14,0.215,0.004,157,3461,5485
200,17.2,0.21,0.21,0.21,0.16,0.21,0.004,155,3901,5468
200,17.2,0.205,0.205,0.205,0.18,0.205,0.004,160,3457,5539
200,17.2,0.195,0.195,0.195,0.22,0.195,0.004,165,3369,5295
200,17.2,0.19,0.19,0.19,0.24,0.19,0.004,162,3493,5312
200,17.2,0.185,0.185,0.185,0.26,0.185,0.004,161,3477,5353
200,17.2,0.18,0.18,0.18,0.28,0.18,0.004,165,3485,5328
200,17.2,0.175,0.175,0.175,0.3,0.175,0.004,157,3875,5085
200,17.2,0.225,0.225,0.225,0.225,0.1,0.004,169,3519,5552
200,17.2,0.22,0.22,0.22,0.22,0.12,0.004,161,4184,5370
200,17.2,0.215,0.215,0.215,0.215,0.14,0.004,162,3813,5707
200,17.2,0.21,0.21,0.21,0.21,0.16,0.004,161,3684,5626
200,17.2,0.205,0.205,0.205,0.205,0.18,0.004,163,3509,5297
200,17.2,0.195,0.195,0.195,0.195,0.22,0.004,162,3422,5412
200,17.2,0.19,0.19,0.19,0.19,0.24,0.004,156,3610,5506
200,17.2,0.185,0.185,0.185,0.185,0.26,0.004,153,3671,5314
200,17.2,0.18,0.18,0.18,0.18,0.28,0.004,149,3593,5487
200,17.2,0.175,0.175,0.175,0.175,0.3,0.004,149,3580,5300
200,14.3,0.1,0.225,0.225,0.225,0.225,0.004,136,2936,5046
200,14.3,0.12,0.22,0.22,0.22,0.22,0.004,134,3001,5176
200,14.3,0.14,0.215,0.215,0.215,0.215,0.004,134,3156,5070
200,14.3,0.16,0.21,0.21,0.21,0.21,0.004,129,3147,5249
200,14.3,0.18,0.205,0.205,0.205,0.205,0.004,132,3078,5112
200,14.3,0.2,0.2,0.2,0.2,0.2,0.004,130,3127,5053
200,14.3,0.22,0.195,0.195,0.195,0.195,0.004,132,3009,5133
200,14.3,0.24,0.19,0.19,0.19,0.19,0.004,132,2961,5192
200,14.3,0.26,0.185,0.185,0.185,0.185,0.004,128,3434,5202
200,14.3,0.28,0.18,0.18,0.18,0.18,0.004,128,3228,5208
200,14.3,0.3,0.175,0.175,0.175,0.175,0.004,128,3311,5396
200,14.3,0.225,0.1,0.225,0.225,0.225,0.004,122,3360,5096
200,14.3,0.22,0.12,0.22,0.22,0.22,0.004,122,3181,4960
200,14.3,0.215,0.14,0.215,0.215,0.215,0.004,123,3202,5028
200,14.3,0.21,0.16,0.21,0.21,0.21,0.004,129,3159,5067
200,14.3,0.205,0.18,0.205,0.205,0.205,0.004,133,2831,5146
200,14.3,0.195,0.22,0.195,0.195,0.195,0.004,131,3242,5278
200,14.3,0.19,0.24,0.19,0.19,0.19,0.004,140,3080,5413
200,14.3,0.185,0.26,0.185,0.185,0.185,0.004,135,3131,5328
200,14.3,0.18,0.28,0.18,0.18,0.18,0.004,137,3131,5482
200,14.3,0.175,0.3,0.175,0.175,0.175,0.004,141,3047,5440
200,14.3,0.225,0.225,0.1,0.225,0.225,0.004,131,3246,5338
200,14.3,0.22,0.22,0.12,0.22,0.22,0.004,131,3005,5119
200,14.3,0.215,0.215,0.14,0.215,0.215,0.004,132,3003,5140
200,14.3,0.21,0.21,0.16,0.21,0.21,0.004,131,3135,5143
200,14.3,0.205,0.205,0.18,0.205,0.205,0.004,134,2949,5376
200,14.3,0.195,0.195,0.22,0.195,0.195,0.004,134,2907,5136
200,14.3,0.19,0.19,0.24,0.19,0.19,0.004,133,3198,5224
200,14.3,0.185,0.185,0.26,0.185,0.185,0.004,136,2779,5097
200,14.3,0.18,0.18,0.28,0.18,0.18,0.004,130,3118,5158
200,14.3,0.175,0.175,0.3,0.175,0.175,0.004,135,2825,5191
200,14.3,0.225,0.225,0.225,0.1,0.225,0.004,135,2814,5387
200,14.3,0.22,0.22,0.22,0.12,0.22,0.004,130,3028,5481
200,14.3,0.215,0.215,0.215,0.14,0.215,0.004,129,3266,5307
200,14.3,0.21,0.21,0.21,0.16,0.21,0.004,130,3225,5313
200,14.3,0.205,0.205,0.205,0.18,0.205,0.004,130,3215,5289
200,14.3,0.195,0.195,0.195,0.22,0.195,0.004,131,3038,5192
200,14.3,0.19,0.19,0.19,0.24,0.19,0.004,134,2996,5078
200,14.3,0.185,0.185,0.185,0.26,0.185,0.004,133,3029,5127
200,14.3,0.18,0.18,0.18,0.28,0.18,0.004,129,3311,4991
200,14.3,0.175,0.175,0.175,0.3,0.175,0.004,134,3055,4938
200,14.3,0.225,0.225,0.225,0.225,0.1,0.004,144,3114,5421
200,14.3,0.22,0.22,0.22,0.22,0.12,0.004,137,3391,5231
200,14.3,0.215,0.215,0.215,0.215,0.14,0.004,138,3098,5198
200,14.3,0.21,0.21,0.21,0.21,0.16,0.004,134,3253,5322
200,14.3,0.205,0.205,0.205,0.205,0.18,0.004,134,3101,5201
200,14.3,0.195,0.195,0.195,0.195,0.22,0.004,130,3211,5003
200,14.3,0.19,0.19,0.19,0.19,0.24,0.004,130,3023,5081
200,14.3,0.185,0.185,0.185,0.185,0.26,0.004,124,3222,5195
200,14.3,0.18,0.18,0.18,0.18,0.28,0.004,124,3109,5099
200,14.3,0.175,0.175,0.175,0.175,0.3,0.004,120,3179,4947
200,12.6,0.1,0.225,0.225,0.225,0.225,0.004,126,2975,4878
200,12.6,0.12,0.22,0.22,0.22,0.22,0.004,126,3041,4847
200,12.6,0.14,0.215,0.215,0.215,0.215,0.004,129,2940,4895
200,12.6,0.16,0.21,0.21,0.21,0.21,0.004,124,3131,4939
200,12.6,0.18,0.205,0.205,0.205,0.205,0.004,124,3078,4947
200,12.6,0.2,0.2,0.2,0.2,0.2,0.004,125,3059,4929
200,12.6,0.22,0.195,0.195,0.195,0.195,0.004,125,3043,5122
200,12.6,0.24,0.19,0.19,0.19,0.19,0.004,124,2985,4913
200,12.6,0.26,0.185,0.185,0.185,0.185,0.004,125,2947,4933
200,12.6,0.28,0.18,0.18,0.18,0.18,0.004,125,3137,4934
200,12.6,0.3,0.175,0.175,0.175,0.175,0.004,126,2770,5121
200,12.6,0.225,0.1,0.225,0.225,0.225,0.004,120,2682,4867
200,12.6,0.22,0.12,0.22,0.22,0.22,0.004,120,3017,4827
200,12.6,0.215,0.14,0.215,0.215,0.215,0.004,123,2938,4783
200,12.6,0.21,0.16,0.21,0.21,0.21,0.004,122,2979,4951
200,12.6,0.205,0.18,0.205,0.205,0.205,0.004,125,2989,5110
200,12.6,0.195,0.22,0.195,0.195,0.195,0.004,128,3064,5172
200,12.6,0.19,0.24,0.19,0.19,0.19,0.004,131,2879,4899
200,12.6,0.185,0.26,0.185,0.185,0.185,0.004,129,3103,5187
200,12.6,0.18,0.28,0.18,0.18,0.18,0.004,135,2851,5315
200,12.6,0.175,0.3,0.175,0.175,0.175,0.004,136,2888,5207
200,12.6,0.225,0.225,0.1,0.225,0.225,0.004,126,2936,5095
200,12.6,0.22,0.22,0.12,0.22,0.22,0.004,127,2837,5046
200,12.6,0.215,0.215,0.14,0.215,0.215,0.004,124,3029,4982
200,12.6,0.21,0.21,0.16,0.21,0.21,0.004,125,2953,4928
200,12.6,0.205,0.205,0.18,0.205,0.205,0.004,128,2872,5101
200,12.6,0.195,0.195,0.22,0.195,0.195,0.004,123,2963,5069
200,12.6,0.19,0.19,0.24,0.19,0.19,0.004,129,2781,4900
200,12.6,0.185,0.185,0.26,0.185,0.185,0.004,129,2890,5037
200,12.6,0.18,0.18,0.28,0.18,0.18,0.004,124,2965,4917
200,12.6,0.175,0.175,0.3,0.175,0.175,0.004,127,2887,4915
200,12.6,0.225,0.225,0.225,0.1,0.225,0.004,126,2965,5237
200,12.6,0.22,0.22,0.22,0.12,0.22,0.004,126,2919,5082
200,12.6,0.215,0.215,0.215,0.14,0.215,0.004,127,2990,5167
200,12.6,0.21,0.21,0.21,0.16,0.21,0.004,128,2760,5104
200,12.6,0.205,0.205,0.205,0.18,0.205,0.004,127,3056,4987
200,12.6,0.195,0.195,0.195,0.22,0.195,0.004,127,2829,4958
200,12.6,0.19,0.19,0.19,0.24,0.19,0.004,126,2879,4986
200,12.6,0.185,0.185,0.185,0.26,0.185,0.004,128,2912,4932
200,12.6,0.18,0.18,0.18,0.28,0.18,0.004,129,3105,4756
200,12.6,0.175,0.175,0.175,0.3,0.175,0.004,125,2958,4835
200,12.6,0.225,0.225,0.225,0.225,0.1,0.004,132,3168,5058
200,12.6,0.22,0.22,0.22,0.22,0.12,0.004,132,2974,4971
200,12.6,0.215,0.215,0.215,0.215,0.14,0.004,133,2827,4932
200,12.6,0.21,0.21,0.21,0.21,0.16,0.004,128,3069,5036
200,12.6,0.205,0.205,0.205,0.205,0.18,0.004,127,3099,5036
200,12.6,0.195,0.195,0.195,0.195,0.22,0.004,126,2921,4976
200,12.6,0.19,0.19,0.19,0.19,0.24,0.004,122,2925,4946
200,12.6,0.185,0.185,0.185,0.185,0.26,0.004,124,2870,4906
200,12.6,0.18,0.18,0.18,0.18,0.28,0.004,121,2920,5033
200,12.6,0.175,0.175,0.175,0.175,0.3,0.004,124,2680,4785
300,17.2,0.1,0.225,0.225,0.225,0.225,0.004,159,3607,5237
300,17.2,0.12,0.22,0.22,0.22,0.22,0.004,162,3354,5172
300,17.2,0.14,0.215,0.215,0.215,0.215,0.004,156,3793,5301
300,17.2,0.16,0.21,0.21,0.21,0.21,0.004,158,3663,5150
300,17.2,0.18,0.205,0.205,0.205,0.205,0.004,162,3305,5166
300,17.2,0.2,0.2,0.2,0.2,0.2,0.004,153,3749,5232
300,17.2,0.22,0.195,0.195,0.195,0.195,0.004,152,3784,5433
300,17.2,0.24,0.19,0.19,0.19,0.19,0.004,155,3601,5419
300,17.2,0.26,0.185,0.185,0.185,0.185,0.004,156,3550,5318
300,17.2,0.28,0.18,0.18,0.18,0.18,0.004,157,3271,5208
300,17.2,0.3,0.175,0.175,0.175,0.175,0.004,152,3701,5284
300,17.2,0.225,0.1,0.225,0.225,0.225,0.004,149,3462,5060
300,17.2,0.22,0.12,0.22,0.22,0.22,0.004,154,3311,5097
300,17.2,0.215,0.14,0.215,0.215,0.215,0.004,155,3285,5116
300,17.2,0.21,0.16,0.21,0.21,0.21,0.004,152,3606,5158
300,17.2,0.205,0.18,0.205,0.205,0.205,0.004,150,3800,5288
300,17.2,0.195,0.22,0.195,0.195,0.195,0.004,157,3647,5257
300,17.2,0.19,0.24,0.19,0.19,0.19,0.004,157,3769,5244
300,17.2,0.185,0.26,0.185,0.185,0.185,0.004,164,3477,5333
300,17.2,0.18,0.28,0.18,0.18,0.18,0.004,167,3606,5573
300,17.2,0.175,0.3,0.175,0.175,0.175,0.004,162,3682,5302
300,17.2,0.225,0.225,0.1,0.225,0.225,0.004,157,3393,5154
300,17.2,0.22,0.22,0.12,0.22,0.22,0.004,159,3254,5251
300,17.2,0.215,0.215,0.14,0.215,0.215,0.004,157,3394,5363
300,17.2,0.21,0.21,0.16,0.21,0.21,0.004,159,3377,5267
300,17.2,0.205,0.205,0.18,0.205,0.205,0.004,156,3564,5400
300,17.2,0.195,0.195,0.22,0.195,0.195,0.004,158,3468,5171
300,17.2,0.19,0.19,0.24,0.19,0.19,0.004,162,3371,5077
300,17.2,0.185,0.185,0.26,0.185,0.185,0.004,157,3643,5256
300,17.2,0.18,0.18,0.28,0.18,0.18,0.004,157,3567,5204
300,17.2,0.175,0.175,0.3,0.175,0.175,0.004,154,3694,5130
300,17.2,0.225,0.225,0.225,0.1,0.225,0.004,158,3172,5364
300,17.2,0.22,0.22,0.22,0.12,0.22,0.004,159,3362,5498
300,17.2,0.215,0.215,0.215,0.14,0.215,0.004,152,3767,5325
300,17.2,0.21,0.21,0.21,0.16,0.21,0.004,155,3723,5459
300,17.2,0.205,0.205,0.205,0.18,0.205,0.004,151,3740,5238
300,17.2,0.195,0.195,0.195,0.22,0.195,0.004,158,3488,5098
300,17.2,0.19,0.19,0.19,0.24,0.19,0.004,158,3654,5220
300,17.2,0.185,0.185,0.185,0.26,0.185,0.004,161,3412,5313
300,17.2,0.18,0.18,0.18,0.28,0.18,0.004,158,3598,5011
300,17.2,0.175,0.175,0.175,0.3,0.175,0.004,157,3704,5132
300,17.2,0.225,0.225,0.225,0.225,0.1,0.004,166,3591,5372
300,17.2,0.22,0.22,0.22,0.22,0.12,0.004,163,3602,5225
300,17.2,0.215,0.215,0.215,0.215,0.14,0.004,162,3633,5318
300,17.2,0.21,0.21,0.21,0.21,0.16,0.004,162,3492,5254
300,17.2,0.205,0.205,0.205,0.205,0.18,0.004,158,3597,5288
300,17.2,0.195,0.195,0.195,0.195,0.22,0.004,156,3417,5252
300,17.2,0.19,0.19,0.19,0.19,0.24,0.004,155,3469,5364
300,17.2,0.185,0.185,0.185,0.185,0.26,0.004,154,3371,5217
300,17.2,0.18,0.18,0.18,0.18,0.28,0.004,148,3545,5139
300,17.2,0.175,0.175,0.175,0.175,0.3,0.004,150,3239,5021
300,14.3,0.1,0.225,0.225,0.225,0.225,0.004,131,3191,4883
300,14.3,0.12,0.22,0.22,0.22,0.22,0.004,132,2861,4878
300,14.3,0.14,0.215,0.215,0.215,0.215,0.004,132,3055,5036
300,14.3,0.16,0.21,0.21,0.21,0.21,0.004,133,2818,4973
300,14.3,0.18,0.205,0.205,0.205,0.205,0.004,130,3070,4975
300,14.3,0.2,0.2,0.2,0.2,0.2,0.004,129,3145,4962
300,14.3,0.22,0.195,0.195,0.195,0.195,0.004,129,3042,5106
300,14.3,0.24,0.19,0.19,0.19,0.19,0.004,129,2997,5043
300,14.3,0.26,0.185,0.185,0.185,0.185,0.004,127,3194,4982
300,14.3,0.28,0.18,0.18,0.18,0.18,0.004,126,3082,5117
300,14.3,0.3,0.175,0.175,0.175,0.175,0.004,128,3031,5077
300,14.3,0.225,0.1,0.225,0.225,0.225,0.004,121,3175,4883
300,14.3,0.22,0.12,0.22,0.22,0.22,0.004,124,2827,4817
300,14.3,0.215,0.14,0.215,0.215,0.215,0.004,123,3242,4947
300,14.3,0.21,0.16,0.21,0.21,0.21,0.004,126,3077,5023
300,14.3,0.205,0.18,0.205,0.205,0.205,0.004,126,3183,4957
300,14.3,0.195,0.22,0.195,0.195,0.195,0.004,132,3019,5124
300,14.3,0.19,0.24,0.19,0.19,0.19,0.004,136,3029,5086
300,14.3,0.185,0.26,0.185,0.185,0.185,0.004,132,3126,5138
300,14.3,0.18,0.28,0.18,0.18,0.18,0.004,137,3181,5357
300,14.3,0.175,0.3,0.175,0.175,0.175,0.004,136,3153,5162
300,14.3,0.225,0.225,0.1,0.225,0.225,0.004,128,3226,4909
300,14.3,0.22,0.22,0.12,0.22,0.22,0.004,127,3106,4951
300,14.3,0.215,0.215,0.14,0.215,0.215,0.004,126,3080,4866
300,14.3,0.21,0.21,0.16,0.21,0.21,0.004,127,3097,5067
300,14.3,0.205,0.205,0.18,0.205,0.205,0.004,128,3222,5046
300,14.3,0.195,0.195,0.22,0.195,0.195,0.004,131,2830,4977
300,14.3,0.19,0.19,0.24,0.19,0.19,0.004,130,3068,5064
300,14.3,0.185,0.185,0.26,0.185,0.185,0.004,130,3060,4910
300,14.3,0.18,0.18,0.28,0.18,0.18,0.004,130,3025,5058
300,14.3,0.175,0.175,0.3,0.175,0.175,0.004,129,3045,5157
300,14.3,0.225,0.225,0.225,0.1,0.225,0.004,127,3141,5168
300,14.3,0.22,0.22,0.22,0.12,0.22,0.004,125,3060,5165
300,14.3,0.215,0.215,0.215,0.14,0.215,0.004,127,3307,5154
300,14.3,0.21,0.21,0.21,0.16,0.21,0.004,128,3072,5195
300,14.3,0.205,0.205,0.205,0.18,0.205,0.004,132,2807,5027
300,14.3,0.195,0.195,0.195,0.22,0.195,0.004,129,3091,4960
300,14.3,0.19,0.19,0.19,0.24,0.19,0.004,130,2966,4921
300,14.3,0.185,0.185,0.185,0.26,0.185,0.004,128,3076,4963
300,14.3,0.18,0.18,0.18,0.28,0.18,0.004,128,3131,4822
300,14.3,0.175,0.175,0.175,0.3,0.175,0.004,129,3084,4802
300,14.3,0.225,0.225,0.225,0.225,0.1,0.004,139,3165,5225
300,14.3,0.22,0.22,0.22,0.22,0.12,0.004,133,3263,5053
300,14.3,0.215,0.215,0.215,0.215,0.14,0.004,137,3011,5044
300,14.3,0.21,0.21,0.21,0.21,0.16,0.004,131,3147,5182
300,14.3,0.205,0.205,0.205,0.205,0.18,0.004,129,3315,5055
300,14.3,0.195,0.195,0.195,0.195,0.22,0.004,128,3211,5008
300,14.3,0.19,0.19,0.19,0.19,0.24,0.004,125,3111,5069
300,14.3,0.185,0.185,0.185,0.185,0.26,0.004,124,3179,5033
300,14.3,0.18,0.18,0.18,0.18,0.28,0.004,122,3067,4862
300,14.3,0.175,0.175,0.175,0.175,0.3,0.004,122,2916,4911
300,12.6,0.1,0.225,0.225,0.225,0.225,0.004,123,3091,4654
300,12.6,0.12,0.22,0.22,0.22,0.22,0.004,123,3002,4640
300,12.6,0.14,0.215,0.215,0.215,0.215,0.004,125,2858,4631
300,12.6,0.16,0.21,0.21,0.21,0.21,0.004,123,2917,4774
300,12.6,0.18,0.205,0.205,0.205,0.205,0.004,122,3123,4775
300,12.6,0.2,0.2,0.2,0.2,0.2,0.004,120,3077,4847
300,12.6,0.22,0.195,0.195,0.195,0.195,0.004,123,2916,4850
300,12.6,0.24,0.19,0.19,0.19,0.19,0.004,123,2854,4712
300,12.6,0.26,0.185,0.185,0.185,0.185,0.004,125,2862,4863
300,12.6,0.28,0.18,0.18,0.18,0.18,0.004,125,2843,4874
300,12.6,0.3,0.175,0.175,0.175,0.175,0.004,126,2819,4983
300,12.6,0.225,0.1,0.225,0.225,0.225,0.004,117,2663,4645
300,12.6,0.22,0.12,0.22,0.22,0.22,0.004,117,3028,4590
300,12.6,0.215,0.14,0.215,0.215,0.215,0.004,119,3044,4783
300,12.6,0.21,0.16,0.21,0.21,0.21,0.004,122,2755,4744
300,12.6,0.205,0.18,0.205,0.205,0.205,0.004,124,2969,4896
300,12.6,0.195,0.22,0.195,0.195,0.195,0.004,124,2926,4966
300,12.6,0.19,0.24,0.19,0.19,0.19,0.004,126,3025,4854
300,12.6,0.185,0.26,0.185,0.185,0.185,0.004,128,3018,4898
300,12.6,0.18,0.28,0.18,0.18,0.18,0.004,131,2830,4997
300,12.6,0.175,0.3,0.175,0.175,0.175,0.004,131,2933,4875
300,12.6,0.225,0.225,0.1,0.225,0.225,0.004,126,2866,4869
300,12.6,0.22,0.22,0.12,0.22,0.22,0.004,124,2835,4912
300,12.6,0.215,0.215,0.14,0.215,0.215,0.004,124,2960,4857
300,12.6,0.21,0.21,0.16,0.21,0.21,0.004,124,3024,4823
300,12.6,0.205,0.205,0.18,0.205,0.205,0.004,126,2865,4873
300,12.6,0.195,0.195,0.22,0.195,0.195,0.004,125,2839,4891
300,12.6,0.19,0.19,0.24,0.19,0.19,0.004,125,2838,4705
300,12.6,0.185,0.185,0.26,0.185,0.185,0.004,126,2780,4868
300,12.6,0.18,0.18,0.28,0.18,0.18,0.004,123,2812,4909
300,12.6,0.175,0.175,0.3,0.175,0.175,0.004,123,2904,4833
300,12.6,0.225,0.225,0.225,0.1,0.225,0.004,121,2914,4957
300,12.6,0.22,0.22,0.22,0.12,0.22,0.004,125,2796,4894
300,12.6,0.215,0.215,0.215,0.14,0.215,0.004,121,3233,5031
300,12.6,0.21,0.21,0.21,0.16,0.21,0.004,124,2831,4844
300,12.6,0.205,0.205,0.205,0.18,0.205,0.004,127,2834,4912
300,12.6,0.195,0.195,0.195,0.22,0.195,0.004,126,2861,4933
300,12.6,0.19,0.19,0.19,0.24,0.19,0.004,124,2788,4693
300,12.6,0.185,0.185,0.185,0.26,0.185,0.004,124,2938,4782
300,12.6,0.18,0.18,0.18,0.28,0.18,0.004,123,3144,4557
300,12.6,0.175,0.175,0.175,0.3,0.175,0.004,127,2998,4594
300,12.6,0.225,0.225,0.225,0.225,0.1,0.004,128,3035,5058
300,12.6,0.22,0.22,0.22,0.22,0.12,0.004,131,2932,4832
300,12.6,0.215,0.215,0.215,0.215,0.14,0.004,131,2885,4795
300,12.6,0.21,0.21,0.21,0.21,0.16,0.004,127,2940,4899
300,12.6,0.205,0.205,0.205,0.205,0.18,0.004,124,3073,4830
300,12.6,0.195,0.195,0.195,0.195,0.22,0.004,121,2955,4973
300,12.6,0.19,0.19,0.19,0.19,0.24,0.004,125,2594,4885
300,12.6,0.185,0.185,0.185,0.185,0.26,0.004,122,2740,4802
300,12.6,0.18,0.18,0.18,0.18,0.28,0.004,120,2765,4721
300,12.6,0.175,0.175,0.175,0.175,0.3,0.004,122,2549,4623
400,17.2,0.1,0.225,0.225,0.225,0.225,0.004,160,3214,4913
400,17.2,0.12,0.22,0.22,0.22,0.22,0.004,159,3126,4893
400,17.2,0.14,0.215,0.215,0.215,0.215,0.004,156,3375,5134
400,17.2,0.16,0.21,0.21,0.21,0.21,0.004,150,3769,4952
400,17.2,0.18,0.205,0.205,0.205,0.205,0.004,152,3585,5097
400,17.2,0.2,0.2,0.2,0.2,0.2,0.004,154,3438,5095
400,17.2,0.22,0.195,0.195,0.195,0.195,0.004,154,3457,5113
400,17.2,0.24,0.19,0.19,0.19,0.19,0.004,151,3845,5171
400,17.2,0.26,0.185,0.185,0.185,0.185,0.004,149,3761,5224
400,17.2,0.28,0.18,0.18,0.18,0.18,0.004,148,3728,5037
400,17.2,0.3,0.175,0.175,0.175,0.175,0.004,151,3512,5256
400,17.2,0.225,0.1,0.225,0.225,0.225,0.004,147,3230,4858
400,17.2,0.22,0.12,0.22,0.22,0.22,0.004,148,3213,5015
400,17.2,0.215,0.14,0.215,0.215,0.215,0.004,151,3376,5067
400,17.2,0.21,0.16,0.21,0.21,0.21,0.004,148,3616,5057
400,17.2,0.205,0.18,0.205,0.205,0.205,0.004,149,3763,4994
400,17.2,0.195,0.22,0.195,0.195,0.195,0.004,156,3420,4984
400,17.2,0.19,0.24,0.19,0.19,0.19,0.004,158,3407,5264
400,17.2,0.185,0.26,0.185,0.185,0.185,0.004,162,3310,5255
400,17.2,0.18,0.28,0.18,0.18,0.18,0.004,160,3599,5434
400,17.2,0.175,0.3,0.175,0.175,0.175,0.004,163,3400,5224
400,17.2,0.225,0.225,0.1,0.225,0.225,0.004,151,3497,5003
400,17.2,0.22,0.22,0.12,0.22,0.22,0.004,152,3451,5059
400,17.2,0.215,0.215,0.14,0.215,0.215,0.004,152,3478,5239
400,17.2,0.21,0.21,0.16,0.21,0.21,0.004,153,3545,5179
400,17.2,0.205,0.205,0.18,0.205,0.205,0.004,153,3433,5090
400,17.2,0.195,0.195,0.22,0.195,0.195,0.004,155,3336,4919
400,17.2,0.19,0.19,0.24,0.19,0.19,0.004,155,3357,5136
400,17.2,0.185,0.185,0.26,0.185,0.185,0.004,158,3277,4944
400,17.2,0.18,0.18,0.28,0.18,0.18,0.004,159,3244,5201
400,17.2,0.175,0.175,0.3,0.175,0.175,0.004,158,3351,5142
400,17.2,0.225,0.225,0.225,0.1,0.225,0.004,155,3283,5358
400,17.2,0.22,0.22,0.22,0.12,0.22,0.004,151,3627,5039
400,17.2,0.215,0.215,0.215,0.14,0.215,0.004,155,3281,5242
400,17.2,0.21,0.21,0.21,0.16,0.21,0.004,151,3730,5155
400,17.2,0.205,0.205,0.205,0.18,0.205,0.004,152,3587,5174
400,17.2,0.195,0.195,0.195,0.22,0.195,0.004,158,3227,5014
400,17.2,0.19,0.19,0.19,0.24,0.19,0.004,153,3601,4919
400,17.2,0.185,0.185,0.185,0.26,0.185,0.004,155,3476,4941
400,17.2,0.18,0.18,0.18,0.28,0.18,0.004,160,3272,4920
400,17.2,0.175,0.175,0.175,0.3,0.175,0.004,156,3366,4826
400,17.2,0.225,0.225,0.225,0.225,0.1,0.004,160,3852,5354
400,17.2,0.22,0.22,0.22,0.22,0.12,0.004,161,3656,5130
400,17.2,0.215,0.215,0.215,0.215,0.14,0.004,162,3357,5185
400,17.2,0.21,0.21,0.21,0.21,0.16,0.004,162,3366,5105
400,17.2,0.205,0.205,0.205,0.205,0.18,0.004,156,3490,5127
400,17.2,0.195,0.195,0.195,0.195,0.22,0.004,151,3429,5085
400,17.2,0.19,0.19,0.19,0.19,0.24,0.004,150,3363,5121
400,17.2,0.185,0.185,0.185,0.185,0.26,0.004,148,3419,5010
400,17.2,0.18,0.18,0.18,0.18,0.28,0.004,147,3307,4852
400,17.2,0.175,0.175,0.175,0.175,0.3,0.004,141,3438,4921
400,14.3,0.1,0.225,0.225,0.225,0.225,0.004,124,3227,4800
400,14.3,0.12,0.22,0.22,0.22,0.22,0.004,127,2947,4711
400,14.3,0.14,0.215,0.215,0.215,0.215,0.004,127,2947,4728
400,14.3,0.16,0.21,0.21,0.21,0.21,0.004,124,3273,4751
400,14.3,0.18,0.205,0.205,0.205,0.205,0.004,122,3176,4838
400,14.3,0.2,0.2,0.2,0.2,0.2,0.004,123,3339,4878
400,14.3,0.22,0.195,0.195,0.195,0.195,0.004,127,2941,4763
400,14.3,0.24,0.19,0.19,0.19,0.19,0.004,124,3132,4928
400,14.3,0.26,0.185,0.185,0.185,0.185,0.004,123,3248,4927
400,14.3,0.28,0.18,0.18,0.18,0.18,0.004,122,3221,4861
400,14.3,0.3,0.175,0.175,0.175,0.175,0.004,121,3089,4923
400,14.3,0.225,0.1,0.225,0.225,0.225,0.004,119,3044,4716
400,14.3,0.22,0.12,0.22,0.22,0.22,0.004,119,3085,4777
400,14.3,0.215,0.14,0.215,0.215,0.215,0.004,121,3099,4785
400,14.3,0.21,0.16,0.21,0.21,0.21,0.004,124,2983,4809
400,14.3,0.205,0.18,0.205,0.205,0.205,0.004,121,3196,4796
400,14.3,0.195,0.22,0.195,0.195,0.195,0.004,124,3180,4923
400,14.3,0.19,0.24,0.19,0.19,0.19,0.004,128,3168,4861
400,14.3,0.185,0.26,0.185,0.185,0.185,0.004,126,3228,5059
400,14.3,0.18,0.28,0.18,0.18,0.18,0.004,130,3170,5040
400,14.3,0.175,0.3,0.175,0.175,0.175,0.004,133,3144,5049
400,14.3,0.225,0.225,0.1,0.225,0.225,0.004,125,3035,4863
400,14.3,0.22,0.22,0.12,0.22,0.22,0.004,123,3143,4866
400,14.3,0.215,0.215,0.14,0.215,0.215,0.004,124,3120,4791
400,14.3,0.21,0.21,0.16,0.21,0.21,0.004,123,3229,4781
400,14.3,0.205,0.205,0.18,0.205,0.205,0.004,123,3199,4842
400,14.3,0.195,0.195,0.22,0.195,0.195,0.004,126,2983,4860
400,14.3,0.19,0.19,0.24,0.19,0.19,0.004,126,3159,4772
400,14.3,0.185,0.185,0.26,0.185,0.185,0.004,127,2995,4944
400,14.3,0.18,0.18,0.28,0.18,0.18,0.004,125,3256,4877
400,14.3,0.175,0.175,0.3,0.175,0.175,0.004,128,2877,4899
400,14.3,0.225,0.225,0.225,0.1,0.225,0.004,123,3231,5018
400,14.3,0.22,0.22,0.22,0.12,0.22,0.004,122,3124,4897
400,14.3,0.215,0.215,0.215,0.14,0.215,0.004,124,3164,5030
400,14.3,0.21,0.21,0.21,0.16,0.21,0.004,125,3050,4968
400,14.3,0.205,0.205,0.205,0.18,0.205,0.004,124,3271,4977
400,14.3,0.195,0.195,0.195,0.22,0.195,0.004,123,3148,4707
400,14.3,0.19,0.19,0.19,0.24,0.19,0.004,122,3180,4878
400,14.3,0.185,0.185,0.185,0.26,0.185,0.004,124,3067,4753
400,14.3,0.18,0.18,0.18,0.28,0.18,0.004,124,3082,4760
400,14.3,0.175,0.175,0.175,0.3,0.175,0.004,128,2906,4641
400,14.3,0.225,0.225,0.225,0.225,0.1,0.004,134,3271,4984
400,14.3,0.22,0.22,0.22,0.22,0.12,0.004,129,3156,4941
400,14.3,0.215,0.215,0.215,0.215,0.14,0.004,132,3001,4912
400,14.3,0.21,0.21,0.21,0.21,0.16,0.004,129,3054,4995
400,14.3,0.205,0.205,0.205,0.205,0.18,0.004,128,3069,4816
400,14.3,0.195,0.195,0.195,0.195,0.22,0.004,122,3164,4898
400,14.3,0.19,0.19,0.19,0.19,0.24,0.004,127,2697,4868
400,14.3,0.185,0.185,0.185,0.185,0.26,0.004,121,3186,4732
400,14.3,0.18,0.18,0.18,0.18,0.28,0.004,117,3196,4800
400,14.3,0.175,0.175,0.175,0.175,0.3,0.004,124,2576,4682
400,12.6,0.1,0.225,0.225,0.225,0.225,0.004,121,2851,4468
400,12.6,0.12,0.22,0.22,0.22,0.22,0.004,121,2863,4531
400,12.6,0.14,0.215,0.215,0.215,0.215,0.004,123,2698,4683
400,12.6,0.16,0.21,0.21,0.21,0.21,0.004,118,3157,4644
400,12.6,0.18,0.205,0.205,0.205,0.205,0.004,119,3050,4717
400,12.6,0.2,0.2,0.2,0.2,0.2,0.004,122,2742,4640
400,12.6,0.22,0.195,0.195,0.195,0.195,0.004,123,2862,4630
400,12.6,0.24,0.19,0.19,0.19,0.19,0.004,118,3071,4653
400,12.6,0.26,0.185,0.185,0.185,0.185,0.004,118,3107,4762
400,12.6,0.28,0.18,0.18,0.18,0.18,0.004,122,2733,4697
400,12.6,0.3,0.175,0.175,0.175,0.175,0.004,121,2665,4717
400,12.6,0.225,0.1,0.225,0.225,0.225,0.004,115,2724,4565
400,12.6,0.22,0.12,0.22,0.22,0.22,0.004,117,2716,4561
400,12.6,0.215,0.14,0.215,0.215,0.215,0.004,117,2776,4571
400,12.6,0.21,0.16,0.21,0.21,0.21,0.004,122,2680,4608
400,12.6,0.205,0.18,0.205,0.205,0.205,0.004,122,2823,4678
400,12.6,0.195,0.22,0.195,0.195,0.195,0.004,123,2898,4792
400,12.6,0.19,0.24,0.19,0.19,0.19,0.004,123,2901,4573
400,12.6,0.185,0.26,0.185,0.185,0.185,0.004,124,2988,4803
400,12.6,0.18,0.28,0.18,0.18,0.18,0.004,127,2832,4870
400,12.6,0.175,0.3,0.175,0.175,0.175,0.004,130,2800,4847
400,12.6,0.225,0.225,0.1,0.225,0.225,0.004,123,2757,4720
400,12.6,0.22,0.22,0.12,0.22,0.22,0.004,120,2962,4766
400,12.6,0.215,0.215,0.14,0.215,0.215,0.004,121,2863,4756
400,12.6,0.21,0.21,0.16,0.21,0.21,0.004,120,2972,4634
400,12.6,0.205,0.205,0.18,0.205,0.205,0.004,120,2918,4762
400,12.6,0.195,0.195,0.22,0.195,0.195,0.004,117,3124,4648
400,12.6,0.19,0.19,0.24,0.19,0.19,0.004,122,2846,4649
400,12.6,0.185,0.185,0.26,0.185,0.185,0.004,121,2896,4619
400,12.6,0.18,0.18,0.28,0.18,0.18,0.004,118,2887,4666
400,12.6,0.175,0.175,0.3,0.175,0.175,0.004,120,2985,4618
400,12.6,0.225,0.225,0.225,0.1,0.225,0.004,117,2907,4869
400,12.6,0.22,0.22,0.22,0.12,0.22,0.004,120,2925,4814
400,12.6,0.215,0.215,0.215,0.14,0.215,0.004,120,3068,4950
400,12.6,0.21,0.21,0.21,0.16,0.21,0.004,123,2754,4769
400,12.6,0.205,0.205,0.205,0.18,0.205,0.004,123,2810,4765
400,12.6,0.195,0.195,0.195,0.22,0.195,0.004,121,3035,4693
400,12.6,0.19,0.19,0.19,0.24,0.19,0.004,118,3028,4683
400,12.6,0.185,0.185,0.185,0.26,0.185,0.004,119,3081,4601
400,12.6,0.18,0.18,0.18,0.28,0.18,0.004,121,2992,4518
400,12.6,0.175,0.175,0.175,0.3,0.175,0.004,123,2795,4391
400,12.6,0.225,0.225,0.225,0.225,0.1,0.004,125,3106,4748
400,12.6,0.22,0.22,0.22,0.22,0.12,0.004,127,2898,4633
400,12.6,0.215,0.215,0.215,0.215,0.14,0.004,124,3009,4644
400,12.6,0.21,0.21,0.21,0.21,0.16,0.004,122,3118,4751
400,12.6,0.205,0.205,0.205,0.205,0.18,0.004,118,2993,4725
400,12.6,0.195,0.195,0.195,0.195,0.22,0.004,123,2661,4677
400,12.6,0.19,0.19,0.19,0.19,0.24,0.004,117,2812,4688
400,12.6,0.185,0.185,0.185,0.185,0.26,0.004,118,2895,4740
400,12.6,0.18,0.18,0.18,0.18,0.28,0.004,121,2514,4535
400,12.6,0.175,0.175,0.175,0.175,0.3,0.004,112,2905,4476
200,17.2,0.1,0.225,0.225,0.225,0.225,0.04,187,5297,9952
200,17.2,0.12,0.22,0.22,0.22,0.22,0.04,185,5335,9927
200,17.2,0.14,0.215,0.215,0.215,0.215,0.04,183,5276,9984
200,17.2,0.16,0.21,0.21,0.21,0.21,0.04,183,5192,9999
200,17.2,0.18,0.205,0.205,0.205,0.205,0.04,181,5212,10054
200,17.2,0.2,0.2,0.2,0.2,0.2,0.04,181,5139,10103
200,17.2,0.22,0.195,0.195,0.195,0.195,0.04,178,5065,10141
200,17.2,0.24,0.19,0.19,0.19,0.19,0.04,178,5054,10209
200,17.2,0.26,0.185,0.185,0.185,0.185,0.04,175,5120,10295
200,17.2,0.28,0.18,0.18,0.18,0.18,0.04,175,4977,10236
200,17.2,0.3,0.175,0.175,0.175,0.175,0.04,173,4926,10321
200,17.2,0.225,0.1,0.225,0.225,0.225,0.04,170,4894,9579
200,17.2,0.22,0.12,0.22,0.22,0.22,0.04,172,4956,9722
200,17.2,0.215,0.14,0.215,0.215,0.215,0.04,173,5070,9736
200,17.2,0.21,0.16,0.21,0.21,0.21,0.04,176,5059,9914
200,17.2,0.205,0.18,0.205,0.205,0.205,0.04,178,5133,9975
200,17.2,0.195,0.22,0.195,0.195,0.195,0.04,182,5168,10208
200,17.2,0.19,0.24,0.19,0.19,0.19,0.04,184,5279,10325
200,17.2,0.185,0.26,0.185,0.185,0.185,0.04,185,5333,10333
200,17.2,0.18,0.28,0.18,0.18,0.18,0.04,187,5388,10488
200,17.2,0.175,0.3,0.175,0.175,0.175,0.04,190,5307,10557
200,17.2,0.225,0.225,0.1,0.225,0.225,0.04,178,5044,9994
200,17.2,0.22,0.22,0.12,0.22,0.22,0.04,178,5179,10041
200,17.2,0.215,0.215,0.14,0.215,0.215,0.04,178,5131,10071
200,17.2,0.21,0.21,0.16,0.21,0.21,0.04,179,5081,10063
200,17.2,0.205,0.205,0.18,0.205,0.205,0.04,180,5038,10020
200,17.2,0.195,0.195,0.22,0.195,0.195,0.04,180,5182,10094
200,17.2,0.19,0.19,0.24,0.19,0.19,0.04,181,5206,10107
200,17.2,0.185,0.185,0.26,0.185,0.185,0.04,182,5157,10091
200,17.2,0.18,0.18,0.28,0.18,0.18,0.04,182,5166,10150
200,17.2,0.175,0.175,0.3,0.175,0.175,0.04,183,5179,10166
200,17.2,0.225,0.225,0.225,0.1,0.225,0.04,169,4680,10124
200,17.2,0.22,0.22,0.22,0.12,0.22,0.04,176,5073,10370
200,17.2,0.215,0.215,0.215,0.14,0.215,0.04,177,5091,10257
200,17.2,0.21,0.21,0.21,0.16,0.21,0.04,177,5105,10213
200,17.2,0.205,0.205,0.205,0.18,0.205,0.04,180,5096,10131
200,17.2,0.195,0.195,0.195,0.22,0.195,0.04,181,5152,10036
200,17.2,0.19,0.19,0.19,0.24,0.19,0.04,183,5199,9977
200,17.2,0.185,0.185,0.185,0.26,0.185,0.04,183,5254,9870
200,17.2,0.18,0.18,0.18,0.28,0.18,0.04,183,5278,9828
200,17.2,0.175,0.175,0.175,0.3,0.175,0.04,178,4844,9445
200,17.2,0.225,0.225,0.225,0.225,0.1,0.04,190,5375,10481
200,17.2,0.22,0.22,0.22,0.22,0.12,0.04,188,5339,10455
200,17.2,0.215,0.215,0.215,0.215,0.14,0.04,186,5281,10331
200,17.2,0.21,0.21,0.21,0.21,0.16,0.04,184,5222,10198
200,17.2,0.205,0.205,0.205,0.205,0.18,0.04,182,5177,10115
200,17.2,0.195,0.195,0.195,0.195,0.22,0.04,178,5135,10003
200,17.2,0.19,0.19,0.19,0.19,0.24,0.04,176,5074,9948
200,17.2,0.185,0.185,0.185,0.185,0.26,0.04,174,4994,9804
200,17.2,0.18,0.18,0.18,0.18,0.28,0.04,171,4932,9702
200,17.2,0.175,0.175,0.175,0.175,0.3,0.04,170,4903,9665
200,14.3,0.1,0.225,0.225,0.225,0.225,0.04,166,4503,9005
200,14.3,0.12,0.22,0.22,0.22,0.22,0.04,165,4436,8960
200,14.3,0.14,0.215,0.215,0.215,0.215,0.04,165,4376,9062
200,14.3,0.16,0.21,0.21,0.21,0.21,0.04,163,4322,9041
200,14.3,0.18,0.205,0.205,0.205,0.205,0.04,164,4214,9164
200,14.3,0.2,0.2,0.2,0.2,0.2,0.04,163,4181,9148
200,14.3,0.22,0.195,0.195,0.195,0.195,0.04,161,4241,9248
200,14.3,0.24,0.19,0.19,0.19,0.19,0.04,160,4227,9247
200,14.3,0.26,0.185,0.185,0.185,0.185,0.04,160,4105,9363
200,14.3,0.28,0.18,0.18,0.18,0.18,0.04,158,4107,9371
200,14.3,0.3,0.175,0.175,0.175,0.175,0.04,159,4012,9527
200,14.3,0.225,0.1,0.225,0.225,0.225,0.04,153,4045,8781
200,14.3,0.22,0.12,0.22,0.22,0.22,0.04,156,3982,8850
200,14.3,0.215,0.14,0.215,0.215,0.215,0.04,158,4106,8946
200,14.3,0.21,0.16,0.21,0.21,0.21,0.04,159,4139,8992
200,14.3,0.205,0.18,0.205,0.205,0.205,0.04,162,4140,9083
200,14.3,0.195,0.22,0.195,0.195,0.195,0.04,164,4316,9256
200,14.3,0.19,0.24,0.19,0.19,0.19,0.04,165,4486,9368
200,14.3,0.185,0.26,0.185,0.185,0.185,0.04,167,4417,9396
200,14.3,0.18,0.28,0.18,0.18,0.18,0.04,168,4555,9503
200,14.3,0.175,0.3,0.175,0.175,0.175,0.04,169,4600,9591
200,14.3,0.225,0.225,0.1,0.225,0.225,0.04,160,4292,9229
200,14.3,0.22,0.22,0.12,0.22,0.22,0.04,163,4180,9127
200,14.3,0.215,0.215,0.14,0.215,0.215,0.04,162,4206,9219
200,14.3,0.21,0.21,0.16,0.21,0.21,0.04,161,4317,9161
200,14.3,0.205,0.205,0.18,0.205,0.205,0.04,162,4273,9185
200,14.3,0.195,0.195,0.22,0.195,0.195,0.04,162,4392,9232
200,14.3,0.19,0.19,0.24,0.19,0.19,0.04,163,4298,9196
200,14.3,0.185,0.185,0.26,0.185,0.185,0.04,164,4207,9126
200,14.3,0.18,0.18,0.28,0.18,0.18,0.04,164,4316,9199
200,14.3,0.175,0.175,0.3,0.175,0.175,0.04,165,4272,9153
200,14.3,0.225,0.225,0.225,0.1,0.225,0.04,162,4016,9532
200,14.3,0.22,0.22,0.22,0.12,0.22,0.04,160,4221,9511
200,14.3,0.215,0.215,0.215,0.14,0.215,0.04,159,4377,9422
200,14.3,0.21,0.21,0.21,0.16,0.21,0.04,161,4246,9409
200,14.3,0.205,0.205,0.205,0.18,0.205,0.04,163,4168,9277
200,14.3,0.195,0.195,0.195,0.22,0.195,0.04,163,4299,9146
200,14.3,0.19,0.19,0.19,0.24,0.19,0.04,163,4350,8995
200,14.3,0.185,0.185,0.185,0.26,0.185,0.04,165,4296,8961
200,14.3,0.18,0.18,0.18,0.28,0.18,0.04,167,4148,8881
200,14.3,0.175,0.175,0.175,0.3,0.175,0.04,166,4318,8851
200,14.3,0.225,0.225,0.225,0.225,0.1,0.04,170,4428,9452
200,14.3,0.22,0.22,0.22,0.22,0.12,0.04,171,4315,9335
200,14.3,0.215,0.215,0.215,0.215,0.14,0.04,169,4312,9318
200,14.3,0.21,0.21,0.21,0.21,0.16,0.04,167,4274,9314
200,14.3,0.205,0.205,0.205,0.205,0.18,0.04,163,4314,9211
200,14.3,0.195,0.195,0.195,0.195,0.22,0.04,162,4260,9113
200,14.3,0.19,0.19,0.19,0.19,0.24,0.04,158,4249,9078
200,14.3,0.185,0.185,0.185,0.185,0.26,0.04,156,4233,9013
200,14.3,0.18,0.18,0.18,0.18,0.28,0.04,154,4183,8908
200,14.3,0.175,0.175,0.175,0.175,0.3,0.04,153,4113,8865
200,12.6,0.1,0.225,0.225,0.225,0.225,0.04,170,3739,8563
200,12.6,0.12,0.22,0.22,0.22,0.22,0.04,166,3922,8620
200,12.6,0.14,0.215,0.215,0.215,0.215,0.04,168,3757,8685
200,12.6,0.16,0.21,0.21,0.21,0.21,0.04,168,3641,8727
200,12.6,0.18,0.205,0.205,0.205,0.205,0.04,165,3639,8707
200,12.6,0.2,0.2,0.2,0.2,0.2,0.04,166,3643,8786
200,12.6,0.22,0.195,0.195,0.195,0.195,0.04,163,3706,8870
200,12.6,0.24,0.19,0.19,0.19,0.19,0.04,164,3545,8886
200,12.6,0.26,0.185,0.185,0.185,0.185,0.04,165,3426,8835
200,12.6,0.28,0.18,0.18,0.18,0.18,0.04,160,3648,8995
200,12.6,0.3,0.175,0.175,0.175,0.175,0.04,161,3486,9000
200,12.6,0.225,0.1,0.225,0.225,0.225,0.04,158,3353,8420
200,12.6,0.22,0.12,0.22,0.22,0.22,0.04,158,3473,8470
200,12.6,0.215,0.14,0.215,0.215,0.215,0.04,159,3568,8552
200,12.6,0.21,0.16,0.21,0.21,0.21,0.04,161,3612,8599
200,12.6,0.205,0.18,0.205,0.205,0.205,0.04,163,3705,8768
200,12.6,0.195,0.22,0.195,0.195,0.195,0.04,170,3540,8849
200,12.6,0.19,0.24,0.19,0.19,0.19,0.04,169,3711,8934
200,12.6,0.185,0.26,0.185,0.185,0.185,0.04,170,3739,8976
200,12.6,0.18,0.28,0.18,0.18,0.18,0.04,173,3745,9124
200,12.6,0.175,0.3,0.175,0.175,0.175,0.04,174,3824,9148
200,12.6,0.225,0.225,0.1,0.225,0.225,0.04,166,3525,8825
200,12.6,0.22,0.22,0.12,0.22,0.22,0.04,165,3550,8820
200,12.6,0.215,0.215,0.14,0.215,0.215,0.04,162,3756,8682
200,12.6,0.21,0.21,0.16,0.21,0.21,0.04,162,3760,8757
200,12.6,0.205,0.205,0.18,0.205,0.205,0.04,164,3749,8827
200,12.6,0.195,0.195,0.22,0.195,0.195,0.04,166,3529,8765
200,12.6,0.19,0.19,0.24,0.19,0.19,0.04,163,3792,8740
200,12.6,0.185,0.185,0.26,0.185,0.185,0.04,166,3644,8847
200,12.6,0.18,0.18,0.28,0.18,0.18,0.04,166,3658,8770
200,12.6,0.175,0.175,0.3,0.175,0.175,0.04,171,3540,8786
200,12.6,0.225,0.225,0.225,0.1,0.225,0.04,165,3435,9084
200,12.6,0.22,0.22,0.22,0.12,0.22,0.04,163,3646,9036
200,12.6,0.215,0.215,0.215,0.14,0.215,0.04,162,3703,8982
200,12.6,0.21,0.21,0.21,0.16,0.21,0.04,165,3690,8933
200,12.6,0.205,0.205,0.205,0.18,0.205,0.04,166,3583,8851
200,12.6,0.195,0.195,0.195,0.22,0.195,0.04,167,3604,8749
200,12.6,0.19,0.19,0.19,0.24,0.19,0.04,167,3603,8687
200,12.6,0.185,0.185,0.185,0.26,0.185,0.04,167,3661,8614
200,12.6,0.18,0.18,0.18,0.28,0.18,0.04,168,3698,8524
200,12.6,0.175,0.175,0.175,0.3,0.175,0.04,170,3594,8466
200,12.6,0.225,0.225,0.225,0.225,0.1,0.04,174,3704,9069
200,12.6,0.22,0.22,0.22,0.22,0.12,0.04,172,3771,8971
200,12.6,0.215,0.215,0.215,0.215,0.14,0.04,172,3655,8924
200,12.6,0.21,0.21,0.21,0.21,0.16,0.04,170,3604,8912
200,12.6,0.205,0.205,0.205,0.205,0.18,0.04,166,3705,8807
200,12.6,0.195,0.195,0.195,0.195,0.22,0.04,163,3596,8792
200,12.6,0.19,0.19,0.19,0.19,0.24,0.04,164,3427,8634
200,12.6,0.185,0.185,0.185,0.185,0.26,0.04,162,3492,8621
200,12.6,0.18,0.18,0.18,0.18,0.28,0.04,158,3537,8593
200,12.6,0.175,0.175,0.175,0.175,0.3,0.04,156,3561,8477
300,17.2,0.1,0.225,0.225,0.225,0.225,0.04,184,5222,9655
300,17.2,0.12,0.22,0.22,0.22,0.22,0.04,183,5271,9663
300,17.2,0.14,0.215,0.215,0.215,0.215,0.04,182,5111,9752
300,17.2,0.16,0.21,0.21,0.21,0.21,0.04,181,5136,9783
300,17.2,0.18,0.205,0.205,0.205,0.205,0.04,180,5169,9808
300,17.2,0.2,0.2,0.2,0.2,0.2,0.04,179,5150,9886
300,17.2,0.22,0.195,0.195,0.195,0.195,0.04,178,4975,9993
300,17.2,0.24,0.19,0.19,0.19,0.19,0.04,176,5060,10039
300,17.2,0.26,0.185,0.185,0.185,0.185,0.04,175,5047,9994
300,17.2,0.28,0.18,0.18,0.18,0.18,0.04,174,4956,10122
300,17.2,0.3,0.175,0.175,0.175,0.175,0.04,173,4976,10138
300,17.2,0.225,0.1,0.225,0.225,0.225,0.04,169,4863,9437
300,17.2,0.22,0.12,0.22,0.22,0.22,0.04,171,4930,9501
300,17.2,0.215,0.14,0.215,0.215,0.215,0.04,173,4916,9529
300,17.2,0.21,0.16,0.21,0.21,0.21,0.04,175,5032,9697
300,17.2,0.205,0.18,0.205,0.205,0.205,0.04,177,5088,9796
300,17.2,0.195,0.22,0.195,0.195,0.195,0.04,181,5132,9978
300,17.2,0.19,0.24,0.19,0.19,0.19,0.04,183,5126,10002
300,17.2,0.185,0.26,0.185,0.185,0.185,0.04,184,5242,10142
300,17.2,0.18,0.28,0.18,0.18,0.18,0.04,186,5363,10257
300,17.2,0.175,0.3,0.175,0.175,0.175,0.04,187,5324,10286
300,17.2,0.225,0.225,0.1,0.225,0.225,0.04,175,5125,9777
300,17.2,0.22,0.22,0.12,0.22,0.22,0.04,177,4973,9776
300,17.2,0.215,0.215,0.14,0.215,0.215,0.04,176,5147,9799
300,17.2,0.21,0.21,0.16,0.21,0.21,0.04,177,5162,9861
300,17.2,0.205,0.205,0.18,0.205,0.205,0.04,178,5061,9823
300,17.2,0.195,0.195,0.22,0.195,0.195,0.04,179,5079,9793
300,17.2,0.19,0.19,0.24,0.19,0.19,0.04,179,5237,9805
300,17.2,0.185,0.185,0.26,0.185,0.185,0.04,180,5183,9899
300,17.2,0.18,0.18,0.28,0.18,0.18,0.04,180,5248,9915
300,17.2,0.175,0.175,0.3,0.175,0.175,0.04,181,5199,9930
300,17.2,0.225,0.225,0.225,0.1,0.225,0.04,175,5035,10161
300,17.2,0.22,0.22,0.22,0.12,0.22,0.04,176,5004,10155
300,17.2,0.215,0.215,0.215,0.14,0.215,0.04,177,5014,10062
300,17.2,0.21,0.21,0.21,0.16,0.21,0.04,177,5161,10042
300,17.2,0.205,0.205,0.205,0.18,0.205,0.04,177,5104,9943
300,17.2,0.195,0.195,0.195,0.22,0.195,0.04,179,5092,9760
300,17.2,0.19,0.19,0.19,0.24,0.19,0.04,181,5132,9709
300,17.2,0.185,0.185,0.185,0.26,0.185,0.04,185,4869,9705
300,17.2,0.18,0.18,0.18,0.28,0.18,0.04,182,5161,9571
300,17.2,0.175,0.175,0.175,0.3,0.175,0.04,183,5183,9534
300,17.2,0.225,0.225,0.225,0.225,0.1,0.04,189,5354,10275
300,17.2,0.22,0.22,0.22,0.22,0.12,0.04,188,5196,10170
300,17.2,0.215,0.215,0.215,0.215,0.14,0.04,185,5247,10119
300,17.2,0.21,0.21,0.21,0.21,0.16,0.04,182,5179,10019
300,17.2,0.205,0.205,0.205,0.205,0.18,0.04,182,5086,9966
300,17.2,0.195,0.195,0.195,0.195,0.22,0.04,177,5108,9752
300,17.2,0.19,0.19,0.19,0.19,0.24,0.04,175,5023,9674
300,17.2,0.185,0.185,0.185,0.185,0.26,0.04,174,4810,9573
300,17.2,0.18,0.18,0.18,0.18,0.28,0.04,170,4952,9450
300,17.2,0.175,0.175,0.175,0.175,0.3,0.04,168,4906,9362
300,14.3,0.1,0.225,0.225,0.225,0.225,0.04,165,4304,8825
300,14.3,0.12,0.22,0.22,0.22,0.22,0.04,165,4363,8784
300,14.3,0.14,0.215,0.215,0.215,0.215,0.04,166,4188,8841
300,14.3,0.16,0.21,0.21,0.21,0.21,0.04,165,4163,8847
300,14.3,0.18,0.205,0.205,0.205,0.205,0.04,163,4176,8971
300,14.3,0.2,0.2,0.2,0.2,0.2,0.04,163,4104,8995
300,14.3,0.22,0.195,0.195,0.195,0.195,0.04,160,4220,9062
300,14.3,0.24,0.19,0.19,0.19,0.19,0.04,159,4254,9116
300,14.3,0.26,0.185,0.185,0.185,0.185,0.04,159,4078,9068
300,14.3,0.28,0.18,0.18,0.18,0.18,0.04,158,4103,9219
300,14.3,0.3,0.175,0.175,0.175,0.175,0.04,159,4008,9312
300,14.3,0.225,0.1,0.225,0.225,0.225,0.04,152,4122,8650
300,14.3,0.22,0.12,0.22,0.22,0.22,0.04,155,3974,8686
300,14.3,0.215,0.14,0.215,0.215,0.215,0.04,158,4046,8755
300,14.3,0.21,0.16,0.21,0.21,0.21,0.04,158,4121,8827
300,14.3,0.205,0.18,0.205,0.205,0.205,0.04,163,4029,8933
300,14.3,0.195,0.22,0.195,0.195,0.195,0.04,162,4346,9049
300,14.3,0.19,0.24,0.19,0.19,0.19,0.04,167,4203,9186
300,14.3,0.185,0.26,0.185,0.185,0.185,0.04,168,4247,9239
300,14.3,0.18,0.28,0.18,0.18,0.18,0.04,171,4179,9330
300,14.3,0.175,0.3,0.175,0.175,0.175,0.04,172,4327,9384
300,14.3,0.225,0.225,0.1,0.225,0.225,0.04,158,4246,9017
300,14.3,0.22,0.22,0.12,0.22,0.22,0.04,165,3958,8935
300,14.3,0.215,0.215,0.14,0.215,0.215,0.04,162,4083,8969
300,14.3,0.21,0.21,0.16,0.21,0.21,0.04,164,3997,8943
300,14.3,0.205,0.205,0.18,0.205,0.205,0.04,162,4152,9008
300,14.3,0.195,0.195,0.22,0.195,0.195,0.04,165,4081,9024
300,14.3,0.19,0.19,0.24,0.19,0.19,0.04,163,4176,9024
300,14.3,0.185,0.185,0.26,0.185,0.185,0.04,166,3979,8921
300,14.3,0.18,0.18,0.28,0.18,0.18,0.04,164,4131,8978
300,14.3,0.175,0.175,0.3,0.175,0.175,0.04,165,4141,8962
300,14.3,0.225,0.225,0.225,0.1,0.225,0.04,160,4113,9377
300,14.3,0.22,0.22,0.22,0.12,0.22,0.04,164,3924,9220
300,14.3,0.215,0.215,0.215,0.14,0.215,0.04,159,4272,9220
300,14.3,0.21,0.21,0.21,0.16,0.21,0.04,158,4307,9145
300,14.3,0.205,0.205,0.205,0.18,0.205,0.04,166,3802,9060
300,14.3,0.195,0.195,0.195,0.22,0.195,0.04,165,4093,8954
300,14.3,0.19,0.19,0.19,0.24,0.19,0.04,166,3980,8864
300,14.3,0.185,0.185,0.185,0.26,0.185,0.04,164,4146,8677
300,14.3,0.18,0.18,0.18,0.28,0.18,0.04,165,4101,8712
300,14.3,0.175,0.175,0.175,0.3,0.175,0.04,164,4214,8651
300,14.3,0.225,0.225,0.225,0.225,0.1,0.04,172,4316,9252
300,14.3,0.22,0.22,0.22,0.22,0.12,0.04,168,4499,9162
300,14.3,0.215,0.215,0.215,0.215,0.14,0.04,169,4248,9165
300,14.3,0.21,0.21,0.21,0.21,0.16,0.04,166,4249,9057
300,14.3,0.205,0.205,0.205,0.205,0.18,0.04,166,4041,9118
300,14.3,0.195,0.195,0.195,0.195,0.22,0.04,162,4078,8960
300,14.3,0.19,0.19,0.19,0.19,0.24,0.04,159,4130,8880
300,14.3,0.185,0.185,0.185,0.185,0.26,0.04,155,4172,8862
300,14.3,0.18,0.18,0.18,0.18,0.28,0.04,156,4048,8733
300,14.3,0.175,0.175,0.175,0.175,0.3,0.04,154,4008,8654
300,12.6,0.1,0.225,0.225,0.225,0.225,0.04,167,3757,8453
300,12.6,0.12,0.22,0.22,0.22,0.22,0.04,167,3687,8440
300,12.6,0.14,0.215,0.215,0.215,0.215,0.04,168,3574,8472
300,12.6,0.16,0.21,0.21,0.21,0.21,0.04,166,3712,8475
300,12.6,0.18,0.205,0.205,0.205,0.205,0.04,167,3485,8521
300,12.6,0.2,0.2,0.2,0.2,0.2,0.04,161,3854,8636
300,12.6,0.22,0.195,0.195,0.195,0.195,0.04,162,3745,8682
300,12.6,0.24,0.19,0.19,0.19,0.19,0.04,162,3680,8713
300,12.6,0.26,0.185,0.185,0.185,0.185,0.04,164,3538,8725
300,12.6,0.28,0.18,0.18,0.18,0.18,0.04,157,3831,8827
300,12.6,0.3,0.175,0.175,0.175,0.175,0.04,157,3713,8891
300,12.6,0.225,0.1,0.225,0.225,0.225,0.04,158,3282,8226
300,12.6,0.22,0.12,0.22,0.22,0.22,0.04,156,3558,8274
300,12.6,0.215,0.14,0.215,0.215,0.215,0.04,156,3798,8435
300,12.6,0.21,0.16,0.21,0.21,0.21,0.04,161,3533,8407
300,12.6,0.205,0.18,0.205,0.205,0.205,0.04,165,3439,8508
300,12.6,0.195,0.22,0.195,0.195,0.195,0.04,165,3809,8637
300,12.6,0.19,0.24,0.19,0.19,0.19,0.04,165,3894,8744
300,12.6,0.185,0.26,0.185,0.185,0.185,0.04,167,3879,8826
300,12.6,0.18,0.28,0.18,0.18,0.18,0.04,171,3833,8915
300,12.6,0.175,0.3,0.175,0.175,0.175,0.04,171,3845,8907
300,12.6,0.225,0.225,0.1,0.225,0.225,0.04,163,3641,8661
300,12.6,0.22,0.22,0.12,0.22,0.22,0.04,159,3879,8558
300,12.6,0.215,0.215,0.14,0.215,0.215,0.04,161,3801,8555
300,12.6,0.21,0.21,0.16,0.21,0.21,0.04,164,3668,8577
300,12.6,0.205,0.205,0.18,0.205,0.205,0.04,163,3766,8638
300,12.6,0.195,0.195,0.22,0.195,0.195,0.04,165,3499,8556
300,12.6,0.19,0.19,0.24,0.19,0.19,0.04,165,3702,8583
300,12.6,0.185,0.185,0.26,0.185,0.185,0.04,166,3592,8617
300,12.6,0.18,0.18,0.28,0.18,0.18,0.04,165,3679,8586
300,12.6,0.175,0.175,0.3,0.175,0.175,0.04,166,3646,8553
300,12.6,0.225,0.225,0.225,0.1,0.225,0.04,163,3512,8916
300,12.6,0.22,0.22,0.22,0.12,0.22,0.04,164,3596,8800
300,12.6,0.215,0.215,0.215,0.14,0.215,0.04,163,3583,8812
300,12.6,0.21,0.21,0.21,0.16,0.21,0.04,163,3582,8682
300,12.6,0.205,0.205,0.205,0.18,0.205,0.04,162,3758,8654
300,12.6,0.195,0.195,0.195,0.22,0.195,0.04,164,3683,8570
300,12.6,0.19,0.19,0.19,0.24,0.19,0.04,164,3682,8429
300,12.6,0.185,0.185,0.185,0.26,0.185,0.04,165,3690,8376
300,12.6,0.18,0.18,0.18,0.28,0.18,0.04,165,3757,8324
300,12.6,0.175,0.175,0.175,0.3,0.175,0.04,168,3633,8287
300,12.6,0.225,0.225,0.225,0.225,0.1,0.04,170,3933,8848
300,12.6,0.22,0.22,0.22,0.22,0.12,0.04,168,3914,8721
300,12.6,0.215,0.215,0.215,0.215,0.14,0.04,168,3825,8744
300,12.6,0.21,0.21,0.21,0.21,0.16,0.04,170,3534,8671
300,12.6,0.205,0.205,0.205,0.205,0.18,0.04,165,3699,8636
300,12.6,0.195,0.195,0.195,0.195,0.22,0.04,161,3667,8612
300,12.6,0.19,0.19,0.19,0.19,0.24,0.04,158,3845,8457
300,12.6,0.185,0.185,0.185,0.185,0.26,0.04,163,3438,8419
300,12.6,0.18,0.18,0.18,0.18,0.28,0.04,157,3517,8279
300,12.6,0.175,0.175,0.175,0.175,0.3,0.04,156,3547,8249
400,17.2,0.1,0.225,0.225,0.225,0.225,0.04,181,5136,9372
400,17.2,0.12,0.22,0.22,0.22,0.22,0.04,180,5114,9350
400,17.2,0.14,0.215,0.215,0.215,0.215,0.04,179,5081,9458
400,17.2,0.16,0.21,0.21,0.21,0.21,0.04,178,5123,9495
400,17.2,0.18,0.205,0.205,0.205,0.205,0.04,182,4662,9593
400,17.2,0.2,0.2,0.2,0.2,0.2,0.04,177,4964,9628
400,17.2,0.22,0.195,0.195,0.195,0.195,0.04,174,5086,9691
400,17.2,0.24,0.19,0.19,0.19,0.19,0.04,176,4925,9780
400,17.2,0.26,0.185,0.185,0.185,0.185,0.04,178,4756,9880
400,17.2,0.28,0.18,0.18,0.18,0.18,0.04,172,5016,9832
400,17.2,0.3,0.175,0.175,0.175,0.175,0.04,175,4676,9980
400,17.2,0.225,0.1,0.225,0.225,0.225,0.04,168,4706,9215
400,17.2,0.22,0.12,0.22,0.22,0.22,0.04,169,4864,9246
400,17.2,0.215,0.14,0.215,0.215,0.215,0.04,173,4716,9307
400,17.2,0.21,0.16,0.21,0.21,0.21,0.04,172,4961,9461
400,17.2,0.205,0.18,0.205,0.205,0.205,0.04,176,4854,9571
400,17.2,0.195,0.22,0.195,0.195,0.195,0.04,179,5072,9683
400,17.2,0.19,0.24,0.19,0.19,0.19,0.04,180,5050,9770
400,17.2,0.185,0.26,0.185,0.185,0.185,0.04,183,5113,9866
400,17.2,0.18,0.28,0.18,0.18,0.18,0.04,184,5219,10021
400,17.2,0.175,0.3,0.175,0.175,0.175,0.04,185,5196,10012
400,17.2,0.225,0.225,0.1,0.225,0.225,0.04,176,4847,9522
400,17.2,0.22,0.22,0.12,0.22,0.22,0.04,174,5006,9593
400,17.2,0.215,0.215,0.14,0.215,0.215,0.04,176,4868,9625
400,17.2,0.21,0.21,0.16,0.21,0.21,0.04,176,5010,9592
400,17.2,0.205,0.205,0.18,0.205,0.205,0.04,175,4988,9604
400,17.2,0.195,0.195,0.22,0.195,0.195,0.04,182,4592,9614
400,17.2,0.19,0.19,0.24,0.19,0.19,0.04,176,5144,9599
400,17.2,0.185,0.185,0.26,0.185,0.185,0.04,180,4969,9641
400,17.2,0.18,0.18,0.28,0.18,0.18,0.04,180,4887,9675
400,17.2,0.175,0.175,0.3,0.175,0.175,0.04,183,4769,9694
400,17.2,0.225,0.225,0.225,0.1,0.225,0.04,173,4986,9954
400,17.2,0.22,0.22,0.22,0.12,0.22,0.04,173,5103,9889
400,17.2,0.215,0.215,0.215,0.14,0.215,0.04,176,4855,9819
400,17.2,0.21,0.21,0.21,0.16,0.21,0.04,177,4937,9728
400,17.2,0.205,0.205,0.205,0.18,0.205,0.04,174,5087,9716
400,17.2,0.195,0.195,0.195,0.22,0.195,0.04,178,4978,9574
400,17.2,0.19,0.19,0.19,0.24,0.19,0.04,181,4778,9470
400,17.2,0.185,0.185,0.185,0.26,0.185,0.04,179,5074,9399
400,17.2,0.18,0.18,0.18,0.28,0.18,0.04,179,5139,9374
400,17.2,0.175,0.175,0.175,0.3,0.175,0.04,182,4885,9274
400,17.2,0.225,0.225,0.225,0.225,0.1,0.04,186,5281,10012
400,17.2,0.22,0.22,0.22,0.22,0.12,0.04,194,5362,10098
400,17.2,0.215,0.215,0.215,0.215,0.14,0.04,183,5133,9903
400,17.2,0.21,0.21,0.21,0.21,0.16,0.04,184,4866,9811
400,17.2,0.205,0.205,0.205,0.205,0.18,0.04,181,4860,9639
400,17.2,0.195,0.195,0.195,0.195,0.22,0.04,175,4906,9477
400,17.2,0.19,0.19,0.19,0.19,0.24,0.04,175,4632,9420
400,17.2,0.185,0.185,0.185,0.185,0.26,0.04,179,5024,9287
400,17.2,0.18,0.18,0.18,0.18,0.28,0.04,170,4758,9235
400,17.2,0.175,0.175,0.175,0.175,0.3,0.04,168,4634,9127
400,14.3,0.1,0.225,0.225,0.225,0.225,0.04,167,3946,8560
400,14.3,0.12,0.22,0.22,0.22,0.22,0.04,161,4321,8557
400,14.3,0.14,0.215,0.215,0.215,0.215,0.04,159,4452,8601
400,14.3,0.16,0.21,0.21,0.21,0.21,0.04,162,4153,8669
400,14.3,0.18,0.205,0.205,0.205,0.205,0.04,162,4016,8769
400,14.3,0.2,0.2,0.2,0.2,0.2,0.04,161,4054,8832
400,14.3,0.22,0.195,0.195,0.195,0.195,0.04,159,4181,8866
400,14.3,0.24,0.19,0.19,0.19,0.19,0.04,156,4373,8912
400,14.3,0.26,0.185,0.185,0.185,0.185,0.04,159,4000,8951
400,14.3,0.28,0.18,0.18,0.18,0.18,0.04,156,4126,8972
400,14.3,0.3,0.175,0.175,0.175,0.175,0.04,155,4259,9073
400,14.3,0.225,0.1,0.225,0.225,0.225,0.04,151,3934,8486
400,14.3,0.22,0.12,0.22,0.22,0.22,0.04,155,3835,8583
400,14.3,0.215,0.14,0.215,0.215,0.215,0.04,156,3996,8599
400,14.3,0.21,0.16,0.21,0.21,0.21,0.04,156,4167,8659
400,14.3,0.205,0.18,0.205,0.205,0.205,0.04,159,4005,8750
400,14.3,0.195,0.22,0.195,0.195,0.195,0.04,166,3929,8847
400,14.3,0.19,0.24,0.19,0.19,0.19,0.04,167,3996,8955
400,14.3,0.185,0.26,0.185,0.185,0.185,0.04,166,4246,8980
400,14.3,0.18,0.28,0.18,0.18,0.18,0.04,167,4207,9038
400,14.3,0.175,0.3,0.175,0.175,0.175,0.04,170,4221,9144
400,14.3,0.225,0.225,0.1,0.225,0.225,0.04,158,4171,8787
400,14.3,0.22,0.22,0.12,0.22,0.22,0.04,158,4304,8791
400,14.3,0.215,0.215,0.14,0.215,0.215,0.04,159,4122,8826
400,14.3,0.21,0.21,0.16,0.21,0.21,0.04,159,4246,8776
400,14.3,0.205,0.205,0.18,0.205,0.205,0.04,159,4188,8816
400,14.3,0.195,0.195,0.22,0.195,0.195,0.04,158,4359,8814
400,14.3,0.19,0.19,0.24,0.19,0.19,0.04,162,4090,8845
400,14.3,0.185,0.185,0.26,0.185,0.185,0.04,166,3907,8769
400,14.3,0.18,0.18,0.28,0.18,0.18,0.04,166,3974,8854
400,14.3,0.175,0.175,0.3,0.175,0.175,0.04,161,4314,8772
400,14.3,0.225,0.225,0.225,0.1,0.225,0.04,157,4315,9162
400,14.3,0.22,0.22,0.22,0.12,0.22,0.04,160,4023,9064
400,14.3,0.215,0.215,0.215,0.14,0.215,0.04,162,3839,8987
400,14.3,0.21,0.21,0.21,0.16,0.21,0.04,161,4056,8971
400,14.3,0.205,0.205,0.205,0.18,0.205,0.04,159,4246,8895
400,14.3,0.195,0.195,0.195,0.22,0.195,0.04,160,4174,8737
400,14.3,0.19,0.19,0.19,0.24,0.19,0.04,161,4129,8705
400,14.3,0.185,0.185,0.185,0.26,0.185,0.04,163,4103,8469
400,14.3,0.18,0.18,0.18,0.28,0.18,0.04,161,4312,8475
400,14.3,0.175,0.175,0.175,0.3,0.175,0.04,162,4140,8376
400,14.3,0.225,0.225,0.225,0.225,0.1,0.04,170,4216,9042
400,14.3,0.22,0.22,0.22,0.22,0.12,0.04,168,4305,8913
400,14.3,0.215,0.215,0.215,0.215,0.14,0.04,167,4206,8973
400,14.3,0.21,0.21,0.21,0.21,0.16,0.04,164,4192,8931
400,14.3,0.205,0.205,0.205,0.205,0.18,0.04,160,4291,8861
400,14.3,0.195,0.195,0.195,0.195,0.22,0.04,158,4127,8749
400,14.3,0.19,0.19,0.19,0.19,0.24,0.04,158,3919,8685
400,14.3,0.185,0.185,0.185,0.185,0.26,0.04,156,3941,8596
400,14.3,0.18,0.18,0.18,0.18,0.28,0.04,152,4070,8573
400,14.3,0.175,0.175,0.175,0.175,0.3,0.04,151,3882,8464
400,12.6,0.1,0.225,0.225,0.225,0.225,0.04,161,3881,8165
400,12.6,0.12,0.22,0.22,0.22,0.22,0.04,159,4070,8213
400,12.6,0.14,0.215,0.215,0.215,0.215,0.04,161,3876,8281
400,12.6,0.16,0.21,0.21,0.21,0.21,0.04,162,3696,8295
400,12.6,0.18,0.205,0.205,0.205,0.205,0.04,165,3503,8379
400,12.6,0.2,0.2,0.2,0.2,0.2,0.04,159,3760,8421
400,12.6,0.22,0.195,0.195,0.195,0.195,0.04,162,3629,8488
400,12.6,0.24,0.19,0.19,0.19,0.19,0.04,159,3695,8564
400,12.6,0.26,0.185,0.185,0.185,0.185,0.04,162,3568,8588
400,12.6,0.28,0.18,0.18,0.18,0.18,0.04,156,3810,8611
400,12.6,0.3,0.175,0.175,0.175,0.175,0.04,158,3721,8711
400,12.6,0.225,0.1,0.225,0.225,0.225,0.04,151,3607,8053
400,12.6,0.22,0.12,0.22,0.22,0.22,0.04,154,3568,8102
400,12.6,0.215,0.14,0.215,0.215,0.215,0.04,158,3484,8146
400,12.6,0.21,0.16,0.21,0.21,0.21,0.04,155,3714,8251
400,12.6,0.205,0.18,0.205,0.205,0.205,0.04,157,3881,8351
400,12.6,0.195,0.22,0.195,0.195,0.195,0.04,162,3871,8475
400,12.6,0.19,0.24,0.19,0.19,0.19,0.04,165,3705,8504
400,12.6,0.185,0.26,0.185,0.185,0.185,0.04,165,3888,8527
400,12.6,0.18,0.28,0.18,0.18,0.18,0.04,163,4042,8648
400,12.6,0.175,0.3,0.175,0.175,0.175,0.04,169,3854,8759
400,12.6,0.225,0.225,0.1,0.225,0.225,0.04,154,4003,8465
400,12.6,0.22,0.22,0.12,0.22,0.22,0.04,161,3669,8434
400,12.6,0.215,0.215,0.14,0.215,0.215,0.04,159,3815,8409
400,12.6,0.21,0.21,0.16,0.21,0.21,0.04,157,3904,8393
400,12.6,0.205,0.205,0.18,0.205,0.205,0.04,160,3645,8379
400,12.6,0.195,0.195,0.22,0.195,0.195,0.04,158,3806,8414
400,12.6,0.19,0.19,0.24,0.19,0.19,0.04,159,3930,8439
400,12.6,0.185,0.185,0.26,0.185,0.185,0.04,157,4014,8374
400,12.6,0.18,0.18,0.28,0.18,0.18,0.04,160,3782,8378
400,12.6,0.175,0.175,0.3,0.175,0.175,0.04,161,3805,8361
400,12.6,0.225,0.225,0.225,0.1,0.225,0.04,156,3922,8776
400,12.6,0.22,0.22,0.22,0.12,0.22,0.04,155,3920,8648
400,12.6,0.215,0.215,0.215,0.14,0.215,0.04,159,3752,8701
400,12.6,0.21,0.21,0.21,0.16,0.21,0.04,155,4039,8538
400,12.6,0.205,0.205,0.205,0.18,0.205,0.04,159,3884,8471
400,12.6,0.195,0.195,0.195,0.22,0.195,0.04,158,3985,8352
400,12.6,0.19,0.19,0.19,0.24,0.19,0.04,161,3738,8270
400,12.6,0.185,0.185,0.185,0.26,0.185,0.04,161,3684,8134
400,12.6,0.18,0.18,0.18,0.28,0.18,0.04,160,3913,8100
400,12.6,0.175,0.175,0.175,0.3,0.175,0.04,163,3780,8077
400,12.6,0.225,0.225,0.225,0.225,0.1,0.04,167,4019,8654
400,12.6,0.22,0.22,0.22,0.22,0.12,0.04,165,3949,8640
400,12.6,0.215,0.215,0.215,0.215,0.14,0.04,165,3875,8564
400,12.6,0.21,0.21,0.21,0.21,0.16,0.04,164,3855,8594
400,12.6,0.205,0.205,0.205,0.205,0.18,0.04,164,3677,8374
400,12.6,0.195,0.195,0.195,0.195,0.22,0.04,157,3760,8391
400,12.6,0.19,0.19,0.19,0.19,0.24,0.04,155,3787,8275
400,12.6,0.185,0.185,0.185,0.185,0.26,0.04,154,3699,8234
400,12.6,0.18,0.18,0.18,0.18,0.28,0.04,152,3715,8171
400,12.6,0.175,0.175,0.175,0.175,0.3,0.04,150,3768,8085
